to,363
in,231
s,229
the,205
on,183
of,183
for,177
and,126
us,125
updat,124
as,116
a,106
1,106
with,92
2,83
after,81
is,80
at,67
say,58
new,57
stock,51
from,49
by,47
3,44
share,44
her,41
up,40
kardashian,38
year,38
t,37
it,36
euro,36
be,36
day,34
rise,34
fall,31
over,31
data,30
dollar,29
bank,29
deal,28
china,28
kim,28
fed,27
off,27
about,27
sale,26
may,26
profit,26
get,26
star,26
near,26
hit,25
5,24
high,24
are,24
top,24
more,24
job,24
forex,24
low,24
show,24
time,23
first,23
4,23
bond,22
can,22
you,22
make,22
ha,22
out,22
month,22
market,21
global,21
your,21
befor,21
wed,21
gain,21
will,21
rate,21
report,20
bln,20
cut,20
ecb,20
ceo,19
want,19
she,19
video,19
that,19
game,19
cyru,19
miley,19
buy,19
week,18
billion,18
call,18
i,18
he,18
hi,18
take,18
million,18
not,18
uk,18
reveal,18
could,17
face,17
back,17
fan,17
set,17
beyonc,17
live,17
home,17
gold,16
sell,16
than,16
recal,16
but,16
ford,16
estim,16
amazon,15
chang,15
european,15
just,15
price,15
drop,15
one,15
second,15
into,15
wall,15
plan,15
yield,15
american,15
world,14
outlook,14
ipo,14
have,14
man,14
7,14
open,14
help,14
8,14
pay,14
ahead,14
join,14
growth,14
lower,14
gm,14
west,14
hold,14
boost,13
head,13
drug,13
how,13
love,13
whi,13
against,13
big,13
higher,13
6,13
chri,13
two,13
return,13
yellen,13
ukrain,13
st,13
rule,13
expect,13
no,12
pfizer,12
movi,12
beat,12
probe,12
court,12
support,12
case,12
meet,12
heart,11
credit,11
go,11
2014,11
paltrow,11
gwyneth,11
sinc,11
car,11
pct,11
harri,11
all,11
york,11
most,11
seen,11
see,11
bnp,11
work,11
edg,11
throne,11
michel,11
like,11
ralli,11
studi,11
girl,11
kany,11
close,11
bid,11
firm,11
state,11
wa,10
surg,10
look,10
black,10
correct,10
die,10
who,10
inflat,10
biggest,10
met,10
now,10
lead,10
investor,10
maker,10
eye,10
l,10
tv,10
preciou,10
trade,10
german,10
iraq,10
talk,10
record,10
america,10
michael,10
use,10
facebook,10
microsoft,10
gomez,10
selena,10
kong,10
hong,10
debt,10
air,10
oil,10
offici,10
too,10
peopl,10
war,10
harrison,10
economi,10
lohan,10
treasuri,10
win,10
airlin,9
sign,9
offer,9
steadi,9
cancer,9
death,9
fitch,9
review,9
astrazeneca,9
ever,9
leav,9
when,9
music,9
put,9
do,9
demand,9
final,9
yen,9
news,9
mln,9
invest,9
twitter,9
watch,9
draghi,9
kill,9
sex,9
obama,9
futur,9
mobil,9
ladi,9
declin,9
red,9
award,9
loss,9
still,9
suppli,9
attack,9
lindsay,9
concern,9
film,9
britney,8
june,8
post,8
jump,8
fund,8
risk,8
women,8
need,8
fire,8
bet,8
king,8
earn,8
we,8
climat,8
m,8
littl,8
their,8
reach,8
amid,8
view,8
scott,8
won,8
fight,8
thi,8
confirm,8
jessica,8
good,8
find,8
again,8
forecast,8
servic,8
appl,8
googl,8
drive,8
babi,8
did,8
justin,8
dress,8
despit,8
judg,8
charg,8
plane,8
corn,8
grain,8
arrest,8
eas,8
russia,8
avicii,8
my,8
announc,8
boe,8
sourc,8
debut,8
minut,8
or,8
health,8
spear,7
season,7
alibaba,7
e,7
wife,7
son,7
efron,7
zac,7
japan,7
stake,7
card,7
dip,7
merger,7
think,7
capit,7
georg,7
co,7
keep,7
cameron,7
crush,7
jennif,7
jame,7
bieber,7
mortgag,7
book,7
free,7
down,7
launch,7
gaga,7
children,7
mother,7
step,7
men,7
europ,7
william,7
percent,7
o,7
name,7
begin,7
what,7
reject,7
wren,7
takeov,7
california,7
fear,7
jay,7
wrapup,7
direct,7
walk,7
paul,7
white,7
tri,7
netflix,7
rpt,7
key,7
dure,7
photo,7
add,7
revenu,7
ex,7
an,7
fiat,7
compani,7
festiv,7
joli,6
angelina,6
bring,6
test,6
episod,6
found,6
even,6
outsid,6
problem,6
onli,6
said,6
slump,6
happi,6
presid,6
life,6
regul,6
khloe,6
cancel,6
celebr,6
increas,6
critic,6
nick,6
possibl,6
halt,6
stone,6
emma,6
wheat,6
thing,6
birthday,6
north,6
affirm,6
spark,6
tour,6
candi,6
p,6
singer,6
50,6
young,6
central,6
split,6
warn,6
hous,6
christina,6
bill,6
third,6
unveil,6
mtv,6
lea,6
polici,6
detroit,6
india,6
push,6
stage,6
steve,6
goe,6
ebola,6
re,6
2015,6
delay,6
z,6
cloud,6
jagger,6
land,6
latest,6
hbo,6
date,6
kid,6
track,6
samsung,6
challeng,6
ga,6
slip,6
swift,6
taylor,6
perform,6
econom,6
cooper,6
miss,6
outbreak,6
offic,6
made,6
david,6
end,6
cast,6
store,6
approv,6
six,6
cann,6
controversi,5
trailer,5
net,5
ask,5
comment,5
smartphon,5
mer,5
teen,5
phone,5
while,5
box,5
urg,5
galaxi,5
special,5
execut,5
scene,5
asian,5
blast,5
disappoint,5
act,5
food,5
issu,5
order,5
stream,5
strike,5
premier,5
neil,5
rais,5
ap,5
lo,5
three,5
rumor,5
patent,5
settl,5
stabl,5
target,5
toni,5
five,5
worri,5
band,5
carri,5
real,5
worth,5
arriv,5
danc,5
vma,5
tribut,5
fox,5
franc,5
protect,5
contract,5
financi,5
don,5
april,5
giant,5
viru,5
mad,5
leg,5
true,5
best,5
doe,5
product,5
pregnanc,5
sister,5
tax,5
extend,5
form,5
mom,5
light,5
u,5
camera,5
boj,5
internet,5
kate,5
rebound,5
dog,5
john,5
apparel,5
hospit,5
la,5
brother,5
great,5
multi,5
vehicl,5
claim,5
obamacar,5
currenc,5
asia,5
slow,5
ll,5
among,5
chrysler,5
law,5
un,5
so,5
playstat,5
mick,5
area,5
perri,5
kati,5
marri,5
pressur,5
walker,5
secret,5
ad,5
pick,5
guilti,5
husband,5
messag,5
away,5
asset,5
lawsuit,5
ban,5
four,5
argentina,5
flat,5
street,5
grow,5
plant,5
onc,5
forc,5
debat,5
dj,5
funer,5
peach,5
fine,5
board,5
index,5
slide,5
some,5
everi,5
tie,4
malaysian,4
night,4
stop,4
slightli,4
gener,4
event,4
energi,4
canada,4
under,4
brown,4
pound,4
citi,4
brent,4
power,4
insid,4
sac,4
medic,4
yr,4
across,4
focu,4
daniel,4
jon,4
payment,4
past,4
robin,4
vii,4
gala,4
bear,4
cigarett,4
less,4
drink,4
franco,4
file,4
got,4
glass,4
ryan,4
accept,4
earli,4
valuat,4
marvel,4
without,4
allergan,4
valeant,4
blood,4
shock,4
other,4
spanish,4
agre,4
guardian,4
fuel,4
veri,4
replac,4
pharrel,4
togeth,4
jason,4
haven,4
safe,4
bradley,4
hike,4
unit,4
media,4
jackson,4
last,4
lift,4
snapshot,4
bang,4
nake,4
diaz,4
worst,4
didn,4
eight,4
fda,4
round,4
boy,4
hill,4
jonah,4
sharehold,4
system,4
breach,4
lose,4
break,4
pitt,4
brad,4
stand,4
interest,4
wsj,4
gene,4
famili,4
weigh,4
older,4
weekli,4
alstom,4
garfield,4
andrew,4
congress,4
era,4
move,4
angel,4
struggl,4
loan,4
retail,4
clooney,4
seri,4
sarah,4
comedi,4
soprano,4
model,4
tesla,4
green,4
turn,4
morgan,4
oscar,4
500,4
injuri,4
japanes,4
had,4
app,4
former,4
know,4
stimulu,4
polic,4
tight,4
frozen,4
common,4
much,4
zone,4
point,4
design,4
quarter,4
deflat,4
beauti,4
nyong,4
renew,4
export,4
fcc,4
tell,4
plea,4
chief,4
wear,4
jone,4
russel,4
pariba,4
summer,4
cost,4
panel,4
solar,4
juli,4
factor,4
french,4
read,4
20,4
they,4
suffer,4
subdu,4
busi,4
develop,4
recap,4
spin,4
figur,4
soni,4
fail,4
fix,4
martin,4
strong,4
next,4
gay,4
late,4
sanction,4
hollywood,4
delet,4
research,4
dunham,4
lena,4
dow,4
network,4
threaten,4
eu,4
chase,4
solang,4
acquir,4
suprem,4
instagram,4
continu,4
carpet,4
cover,4
long,4
sector,4
weak,4
singl,4
industri,4
link,4
rolf,4
friend,4
old,4
invit,4
easter,4
geldof,4
stephen,4
tumbl,4
insur,4
y,3
antitrust,3
tool,3
adult,3
default,3
neutral,3
defend,3
magic,3
pull,3
refil,3
bofa,3
anderson,3
pamela,3
aid,3
italian,3
thick,3
prompt,3
sprint,3
patrick,3
khlo,3
throw,3
prevent,3
f,3
threat,3
7th,3
q1,3
suiss,3
recoveri,3
cloth,3
gym,3
financ,3
british,3
blue,3
sterl,3
alli,3
career,3
comcast,3
warm,3
corpor,3
brand,3
florida,3
carter,3
mexico,3
aim,3
engag,3
treatment,3
hole,3
creat,3
storm,3
own,3
fanni,3
emerg,3
ice,3
per,3
give,3
there,3
hamm,3
iran,3
mccarthi,3
melissa,3
biopic,3
icahn,3
author,3
hope,3
learn,3
yuan,3
22,3
secur,3
himself,3
jimmi,3
level,3
murder,3
jace,3
actor,3
scientist,3
teaser,3
jackman,3
hugh,3
captain,3
lord,3
proud,3
concert,3
spider,3
poll,3
bad,3
lovato,3
demi,3
short,3
wti,3
score,3
roll,3
gp,3
explain,3
90,3
around,3
art,3
18,3
pension,3
iranian,3
solv,3
ditch,3
tone,3
nfl,3
ibm,3
collabor,3
major,3
piketti,3
thoma,3
sick,3
tonight,3
someon,3
lot,3
evan,3
qe,3
16,3
rock,3
cuoco,3
kaley,3
auto,3
voic,3
spot,3
24,3
largest,3
pitch,3
philip,3
african,3
privat,3
ge,3
note,3
defect,3
anim,3
shrink,3
iphon,3
blame,3
2012,3
bachelorett,3
seven,3
snap,3
malefic,3
c,3
tom,3
releas,3
9,3
lewi,3
plung,3
anniversari,3
crash,3
pain,3
siemen,3
optim,3
privaci,3
experi,3
flash,3
blow,3
remain,3
progress,3
limit,3
appeal,3
mice,3
anti,3
propos,3
nomin,3
prepar,3
russian,3
isn,3
should,3
digit,3
spread,3
deadli,3
citigroup,3
sue,3
travel,3
way,3
separ,3
nanci,3
line,3
hate,3
fianc,3
januari,3
water,3
region,3
revis,3
barclay,3
dalla,3
alert,3
advanc,3
been,3
mysteri,3
pledg,3
orang,3
battl,3
stanley,3
economist,3
goldman,3
lawrenc,3
yahoo,3
loach,3
ken,3
leak,3
horrif,3
ship,3
hillshir,3
govern,3
feder,3
our,3
action,3
march,3
believ,3
assault,3
parti,3
richard,3
trap,3
selfi,3
soft,3
shower,3
aguilera,3
putin,3
gasolin,3
human,3
elsa,3
gig,3
upcom,3
ant,3
wright,3
middl,3
ridicul,3
woman,3
sir,3
reunit,3
am,3
15,3
south,3
seek,3
honour,3
broadway,3
bride,3
lupita,3
strengthen,3
450,3
deputi,3
fast,3
fame,3
winslet,3
told,3
everyon,3
swiss,3
andi,3
song,3
charney,3
warner,3
reunion,3
cash,3
quarterli,3
jupit,3
sequel,3
front,3
auction,3
ifo,3
alleg,3
bird,3
violenc,3
abov,3
crude,3
survey,3
upbeat,3
lion,3
simpson,3
becom,3
potter,3
doesn,3
agenc,3
kuni,3
mila,3
culkin,3
macaulay,3
follow,3
rob,3
consol,3
brain,3
accus,3
coldplay,3
soybean,3
discuss,3
jet,3
thank,3
nation,3
must,3
olivia,3
de,3
robert,3
morn,3
suit,3
walter,3
race,3
surpris,3
plead,3
franki,3
station,3
space,3
stay,3
river,3
joan,3
posit,3
moment,3
bitcoin,3
coachella,3
control,3
birth,3
signal,3
crop,3
grace,3
impress,3
kitti,3
sad,3
flow,3
porn,3
irish,3
activ,3
play,3
soon,3
realli,3
pregnant,3
user,3
come,3
delta,3
includ,3
list,3
smaller,3
wild,3
sexi,3
imf,3
reportedli,3
shop,3
crumb,3
featur,3
alcoa,3
improv,3
10,3
england,3
100,3
korea,3
held,3
idol,3
sword,2
chariti,2
pixi,2
lavign,2
avril,2
complet,2
cutler,2
meteor,2
rodriguez,2
kiss,2
keibler,2
staci,2
full,2
goal,2
lgbt,2
furiou,2
caught,2
laugh,2
were,2
mccartney,2
telescop,2
altitud,2
tibetan,2
tomlinson,2
loui,2
nuclear,2
summit,2
born,2
banana,2
buyback,2
parad,2
complaint,2
passeng,2
toyota,2
jail,2
diabet,2
clone,2
recent,2
debri,2
newli,2
huffpollst,2
australia,2
morri,2
admit,2
vow,2
client,2
donnel,2
rosi,2
lebron,2
diverg,2
gate,2
fey,2
tina,2
longest,2
cap,2
beyond,2
start,2
reason,2
radcliff,2
rupert,2
pollut,2
scope,2
germani,2
rig,2
advis,2
compens,2
ground,2
morrissey,2
result,2
bucket,2
al,2
mh370,2
memori,2
mart,2
wal,2
core,2
wholesal,2
pictur,2
divorc,2
keith,2
reboot,2
number,2
center,2
copper,2
earthquak,2
reaction,2
3000,2
ear,2
broker,2
jeep,2
flagship,2
htc,2
upon,2
confid,2
dowd,2
mass,2
dre,2
dr,2
journey,2
hotel,2
album,2
soul,2
segel,2
tape,2
paper,2
exhibit,2
mansion,2
massiv,2
wari,2
pipelin,2
recov,2
trip,2
comeback,2
would,2
lenovo,2
neg,2
advantag,2
word,2
35,2
monetari,2
murdoch,2
nobodi,2
stefani,2
gwen,2
attend,2
acceler,2
thor,2
supermarket,2
given,2
wilkinson,2
kendra,2
cent,2
rare,2
pinterest,2
misguid,2
ann,2
17,2
trigger,2
lockhe,2
readi,2
sport,2
specul,2
premium,2
mega,2
jenner,2
kri,2
anyth,2
shell,2
remov,2
tear,2
dna,2
polar,2
chef,2
leader,2
fedex,2
amount,2
payout,2
guy,2
jr,2
connick,2
liam,2
activist,2
public,2
britain,2
spacex,2
extinct,2
age,2
herald,2
crisi,2
wk,2
director,2
jpmorgan,2
histori,2
brief,2
takata,2
adp,2
retir,2
vega,2
further,2
ellen,2
25,2
rave,2
hank,2
apolog,2
today,2
steinberg,2
error,2
dream,2
traffic,2
web,2
univers,2
slam,2
purdi,2
ami,2
inject,2
deutsch,2
total,2
via,2
mum,2
honor,2
marijuana,2
gupta,2
investig,2
mess,2
stun,2
collis,2
vietnam,2
3rd,2
mae,2
savag,2
ben,2
player,2
nikkei,2
wwe,2
banker,2
process,2
huge,2
theori,2
holi,2
situat,2
rouhani,2
flight,2
tammi,2
indiana,2
earth,2
bu,2
themselv,2
catch,2
same,2
nomine,2
ebay,2
analyst,2
road,2
partner,2
macklemor,2
whole,2
school,2
tension,2
weight,2
shakira,2
ride,2
style,2
foundat,2
colbert,2
centuri,2
20th,2
transform,2
oklahoma,2
stronger,2
probabl,2
toward,2
aviat,2
highest,2
starbuck,2
batteri,2
draw,2
coloni,2
nude,2
bubbl,2
noth,2
dovish,2
save,2
sun,2
pleas,2
hear,2
congression,2
amaz,2
success,2
organ,2
normal,2
spoiler,2
urban,2
rest,2
tatum,2
chan,2
incid,2
expir,2
snake,2
restructur,2
pill,2
poison,2
hall,2
breast,2
check,2
well,2
pinnacl,2
wors,2
fever,2
barra,2
28,2
avail,2
twin,2
pilot,2
rail,2
tomlin,2
fonda,2
burger,2
respons,2
gibson,2
bankruptci,2
elect,2
weaken,2
present,2
nasa,2
cube,2
rubik,2
anger,2
solo,2
knowl,2
redskin,2
trademark,2
both,2
lopez,2
seriou,2
skip,2
alexand,2
weekahead,2
epa,2
mobiley,2
behind,2
250,2
51,2
pmi,2
sorri,2
montana,2
hover,2
legaci,2
nyt,2
cfo,2
noto,2
publish,2
toy,2
valu,2
audienc,2
sharknado,2
row,2
debbi,2
nbc,2
abc,2
depart,2
bmw,2
inform,2
nasdaq,2
shia,2
mock,2
grand,2
beast,2
13,2
oh,2
minaj,2
nicki,2
tarantino,2
harm,2
stockpil,2
rescu,2
consid,2
cnbc,2
novarti,2
imag,2
heroin,2
shoot,2
virgin,2
taiwan,2
2000,2
dmv,2
streak,2
topix,2
send,2
pact,2
block,2
spend,2
standard,2
pat,2
gisel,2
exit,2
bbb,2
downgrad,2
45,2
valv,2
edward,2
friday,2
accord,2
lamar,2
build,2
jenni,2
mixtap,2
childhood,2
haim,2
corey,2
heartfelt,2
christian,2
exposur,2
gdp,2
trim,2
simmon,2
question,2
deadlin,2
seacrest,2
bar,2
blackberri,2
mitsubishi,2
alter,2
role,2
undercov,2
right,2
grab,2
session,2
2nd,2
viciou,2
manipul,2
cup,2
gap,2
speech,2
kiwi,2
stabil,2
pc,2
falter,2
pet,2
uphold,2
overdos,2
deni,2
let,2
terribl,2
run,2
cnn,2
tune,2
tarullo,2
settlement,2
reduc,2
veteran,2
mcdonald,2
g,2
jan,2
border,2
troop,2
payrol,2
texa,2
bergdahl,2
bow,2
sour,2
dead,2
implant,2
electr,2
mile,2
half,2
julia,2
which,2
signer,2
borrow,2
student,2
contest,2
galavi,2
pablo,2
juan,2
bachelor,2
hunt,2
bargain,2
output,2
marriag,2
below,2
platinum,2
these,2
bb,2
allow,2
decad,2
address,2
princess,2
josh,2
goodwin,2
ginnif,2
unilev,2
club,2
katt,2
heaven,2
led,2
seth,2
climb,2
gaug,2
consum,2
diseas,2
enlist,2
discount,2
factori,2
mike,2
craze,2
function,2
if,2
promis,2
polit,2
scienc,2
matthew,2
directv,2
perfect,2
pack,2
chanc,2
secretari,2
quit,2
ferguson,2
term,2
never,2
dushku,2
eliza,2
dov,2
peer,2
versu,2
resolv,2
inflow,2
hendrick,2
pari,2
98,2
soy,2
h,2
draper,2
foreign,2
channel,2
mean,2
autism,2
ensembl,2
ring,2
asteroid,2
ticket,2
parent,2
edgar,2
cdc,2
east,2
fincher,2
lloyd,2
stg,2
happen,2
uptick,2
queen,2
duti,2
com,2
victim,2
print,2
lowest,2
child,2
destini,2
ventur,2
wage,2
union,2
africa,2
dee,2
rubi,2
await,2
bodi,2
bikini,2
statement,2
michigan,2
import,2
governor,2
done,2
lane,2
smith,2
receiv,2
outfit,2
eve,2
fun,2
unfollow,2
keri,2
heartble,2
caus,2
floyd,2
write,2
hurdl,2
shire,2
tori,2
lesson,2
fee,2
retreat,2
nearli,2
sing,2
1990,2
faulti,2
shortag,2
valley,2
silicon,2
worker,2
actual,2
enrol,2
speak,2
garden,2
better,2
until,2
ascend,2
greek,2
campaign,2
sit,2
fx,2
plot,2
aereo,2
purpl,2
guest,2
alba,2
wonder,2
tweet,2
injur,2
wine,2
due,2
wasn,2
suicid,2
estrang,2
oprah,2
guidanc,2
stint,2
search,2
malaysia,2
scandal,2
palermo,2
timelin,2
strahan,2
painkil,2
bionic,2
kind,2
trouser,2
daughter,2
depress,2
prom,2
cranston,2
bryan,2
employ,2
ftc,2
welcom,2
intern,2
dragon,2
fat,2
17000,2
broadband,2
access,2
faster,2
almost,2
dramat,2
plu,2
foster,2
sultri,2
sheer,2
acm,2
lip,2
inner,2
tattoo,2
pin,2
properti,2
bell,2
came,2
illinoi,2
kebbel,2
tobi,2
advertis,2
cb,2
suspend,2
senat,2
bogu,2
cellphon,2
wing,2
part,2
kutcher,2
ashton,2
mump,2
ohio,2
gone,2
labeouf,2
blog,2
ignit,2
nervou,2
itali,2
libya,2
hand,2
defens,2
scare,2
me,2
monday,2
honeymoon,2
12,2
chain,2
cupcak,2
carney,2
python,2
monti,2
hawk,2
firth,2
aerospac,2
censorship,2
soar,2
weibo,2
peak,2
11,2
vote,2
closer,2
member,2
size,2
doctor,2
mastectomi,2
winter,2
drama,2
invas,2
winner,2
cindi,1
alamuddin,1
amal,1
skeptic,1
defi,1
bike,1
epic,1
cycl,1
middleton,1
pippa,1
took,1
money,1
creation,1
caval,1
roberto,1
ora,1
rita,1
wolverin,1
repris,1
mandatori,1
parodi,1
weird,1
rica,1
costa,1
getaway,1
2009,1
hurt,1
yum,1
marketplac,1
connecticut,1
bewar,1
background,1
boc,1
checker,1
tradit,1
skill,1
footbal,1
micrograv,1
astronaut,1
iss,1
armi,1
hobbit,1
alsina,1
obsess,1
oathkeep,1
seat,1
urin,1
meaning,1
though,1
akb48,1
inhal,1
mannkind,1
dazeem,1
adel,1
buddi,1
travolta,1
menzel,1
idina,1
meant,1
freddi,1
unrest,1
document,1
thousand,1
conjoin,1
sky,1
camelopardalid,1
roil,1
redo,1
keynot,1
sxsw,1
sexism,1
lenienc,1
triclosan,1
chemic,1
antibacteri,1
minnesota,1
salomon,1
ricki,1
deficit,1
cbo,1
sec,1
entrepreneur,1
ici,1
tango,1
215,1
loeb,1
sothebi,1
wachowski,1
lana,1
unwind,1
metal,1
dozen,1
looser,1
nh,1
abat,1
haj,1
mostli,1
mustang,1
50th,1
height,1
relat,1
mous,1
shrew,1
discov,1
paparazzi,1
brue,1
candac,1
113,1
reinvest,1
390,1
0,1
finalis,1
extra,1
defenc,1
fortifi,1
regim,1
arm,1
relax,1
tca,1
lineup,1
divers,1
addit,1
casablanca,1
julian,1
orbit,1
dioxid,1
carbon,1
alway,1
hemsworth,1
decis,1
egyptian,1
exclus,1
